<?xml version="1.0" encoding="UTF-8" ?>
<!DOCTYPE mapper PUBLIC "-//mybatis.org//DTD Mapper 3.0//EN" "http://mybatis.org/dtd/mybatis-3-mapper.dtd" >
<mapper namespace="com.bqs.risk.control.dao.UsrOperationLogMapper" >
  <resultMap id="BaseResultMap" type="com.bqs.risk.control.domain.UsrOperationLog" >
    <id column="id" property="id" jdbcType="VARCHAR" />
    <result column="partner_id" property="partnerId" jdbcType="VARCHAR" />
    <result column="module_code" property="moduleCode" jdbcType="VARCHAR" />
    <result column="oper_code" property="operCode" jdbcType="VARCHAR" />
    <result column="record_id" property="recordId" jdbcType="VARCHAR" />
    <result column="oper_content" property="operContent" jdbcType="VARCHAR" />
    <result column="oper_user" property="operUser" jdbcType="VARCHAR" />
    <result column="oper_username" property="operUsername" jdbcType="VARCHAR" />
    <result column="oper_time" property="operTime" jdbcType="TIMESTAMP" />
  </resultMap>
  <sql id="Example_Where_Clause" >
    <where >
      <foreach collection="oredCriteria" item="criteria" separator="or" >
        <if test="criteria.valid" >
          <trim prefix="(" suffix=")" prefixOverrides="and" >
            <foreach collection="criteria.criteria" item="criterion" >
              <choose >
                <when test="criterion.noValue" >
                  and ${criterion.condition}
                </when>
                <when test="criterion.singleValue" >
                  and ${criterion.condition} #{criterion.value}
                </when>
                <when test="criterion.betweenValue" >
                  and ${criterion.condition} #{criterion.value} and #{criterion.secondValue}
                </when>
                <when test="criterion.listValue" >
                  and ${criterion.condition}
                  <foreach collection="criterion.value" item="listItem" open="(" close=")" separator="," >
                    #{listItem}
                  </foreach>
                </when>
              </choose>
            </foreach>
          </trim>
        </if>
      </foreach>
    </where>
  </sql>
  <sql id="Update_By_Example_Where_Clause" >
    <where >
      <foreach collection="example.oredCriteria" item="criteria" separator="or" >
        <if test="criteria.valid" >
          <trim prefix="(" suffix=")" prefixOverrides="and" >
            <foreach collection="criteria.criteria" item="criterion" >
              <choose >
                <when test="criterion.noValue" >
                  and ${criterion.condition}
                </when>
                <when test="criterion.singleValue" >
                  and ${criterion.condition} #{criterion.value}
                </when>
                <when test="criterion.betweenValue" >
                  and ${criterion.condition} #{criterion.value} and #{criterion.secondValue}
                </when>
                <when test="criterion.listValue" >
                  and ${criterion.condition}
                  <foreach collection="criterion.value" item="listItem" open="(" close=")" separator="," >
                    #{listItem}
                  </foreach>
                </when>
              </choose>
            </foreach>
          </trim>
        </if>
      </foreach>
    </where>
  </sql>
  <sql id="Base_Column_List" >
    id, partner_id, module_code, oper_code, record_id, oper_content, oper_user, oper_username, 
    oper_time
  </sql>
  <select id="selectByExample" resultMap="BaseResultMap" parameterType="com.bqs.risk.control.domain.UsrOperationLogExample" >
    select
    <if test="distinct" >
      distinct
    </if>
    'true' as QUERYID,
    <include refid="Base_Column_List" />
    from usr_operation_log
    <if test="_parameter != null" >
      <include refid="Example_Where_Clause" />
    </if>
    <if test="orderByClause != null" >
      order by ${orderByClause}
    </if>
  </select>
  <select id="selectByPrimaryKey" resultMap="BaseResultMap" parameterType="java.lang.String" >
    select 
    <include refid="Base_Column_List" />
    from usr_operation_log
    where id = #{id,jdbcType=VARCHAR}
  </select>
  <delete id="deleteByPrimaryKey" parameterType="java.lang.String" >
    delete from usr_operation_log
    where id = #{id,jdbcType=VARCHAR}
  </delete>
  <delete id="deleteByExample" parameterType="com.bqs.risk.control.domain.UsrOperationLogExample" >
    delete from usr_operation_log
    <if test="_parameter != null" >
      <include refid="Example_Where_Clause" />
    </if>
  </delete>
  <insert id="insert" parameterType="com.bqs.risk.control.domain.UsrOperationLog" >
    insert into usr_operation_log (id, partner_id, module_code, 
      oper_code, record_id, oper_content, 
      oper_user, oper_username, oper_time
      )
    values (#{id,jdbcType=VARCHAR}, #{partnerId,jdbcType=VARCHAR}, #{moduleCode,jdbcType=VARCHAR}, 
      #{operCode,jdbcType=VARCHAR}, #{recordId,jdbcType=VARCHAR}, #{operContent,jdbcType=VARCHAR}, 
      #{operUser,jdbcType=VARCHAR}, #{operUsername,jdbcType=VARCHAR}, #{operTime,jdbcType=TIMESTAMP}
      )
  </insert>
  <insert id="insertSelective" parameterType="com.bqs.risk.control.domain.UsrOperationLog" >
    insert into usr_operation_log
    <trim prefix="(" suffix=")" suffixOverrides="," >
      <if test="id != null" >
        id,
      </if>
      <if test="partnerId != null" >
        partner_id,
      </if>
      <if test="moduleCode != null" >
        module_code,
      </if>
      <if test="operCode != null" >
        oper_code,
      </if>
      <if test="recordId != null" >
        record_id,
      </if>
      <if test="operContent != null" >
        oper_content,
      </if>
      <if test="operUser != null" >
        oper_user,
      </if>
      <if test="operUsername != null" >
        oper_username,
      </if>
      <if test="operTime != null" >
        oper_time,
      </if>
    </trim>
    <trim prefix="values (" suffix=")" suffixOverrides="," >
      <if test="id != null" >
        #{id,jdbcType=VARCHAR},
      </if>
      <if test="partnerId != null" >
        #{partnerId,jdbcType=VARCHAR},
      </if>
      <if test="moduleCode != null" >
        #{moduleCode,jdbcType=VARCHAR},
      </if>
      <if test="operCode != null" >
        #{operCode,jdbcType=VARCHAR},
      </if>
      <if test="recordId != null" >
        #{recordId,jdbcType=VARCHAR},
      </if>
      <if test="operContent != null" >
        #{operContent,jdbcType=VARCHAR},
      </if>
      <if test="operUser != null" >
        #{operUser,jdbcType=VARCHAR},
      </if>
      <if test="operUsername != null" >
        #{operUsername,jdbcType=VARCHAR},
      </if>
      <if test="operTime != null" >
        #{operTime,jdbcType=TIMESTAMP},
      </if>
    </trim>
  </insert>
  <select id="countByExample" parameterType="com.bqs.risk.control.domain.UsrOperationLogExample" resultType="java.lang.Integer" >
    select count(*) from usr_operation_log
    <if test="_parameter != null" >
      <include refid="Example_Where_Clause" />
    </if>
  </select>
  <update id="updateByExampleSelective" parameterType="map" >
    update usr_operation_log
    <set >
      <if test="record.id != null" >
        id = #{record.id,jdbcType=VARCHAR},
      </if>
      <if test="record.partnerId != null" >
        partner_id = #{record.partnerId,jdbcType=VARCHAR},
      </if>
      <if test="record.moduleCode != null" >
        module_code = #{record.moduleCode,jdbcType=VARCHAR},
      </if>
      <if test="record.operCode != null" >
        oper_code = #{record.operCode,jdbcType=VARCHAR},
      </if>
      <if test="record.recordId != null" >
        record_id = #{record.recordId,jdbcType=VARCHAR},
      </if>
      <if test="record.operContent != null" >
        oper_content = #{record.operContent,jdbcType=VARCHAR},
      </if>
      <if test="record.operUser != null" >
        oper_user = #{record.operUser,jdbcType=VARCHAR},
      </if>
      <if test="record.operUsername != null" >
        oper_username = #{record.operUsername,jdbcType=VARCHAR},
      </if>
      <if test="record.operTime != null" >
        oper_time = #{record.operTime,jdbcType=TIMESTAMP},
      </if>
    </set>
    <if test="_parameter != null" >
      <include refid="Update_By_Example_Where_Clause" />
    </if>
  </update>
  <update id="updateByExample" parameterType="map" >
    update usr_operation_log
    set id = #{record.id,jdbcType=VARCHAR},
      partner_id = #{record.partnerId,jdbcType=VARCHAR},
      module_code = #{record.moduleCode,jdbcType=VARCHAR},
      oper_code = #{record.operCode,jdbcType=VARCHAR},
      record_id = #{record.recordId,jdbcType=VARCHAR},
      oper_content = #{record.operContent,jdbcType=VARCHAR},
      oper_user = #{record.operUser,jdbcType=VARCHAR},
      oper_username = #{record.operUsername,jdbcType=VARCHAR},
      oper_time = #{record.operTime,jdbcType=TIMESTAMP}
    <if test="_parameter != null" >
      <include refid="Update_By_Example_Where_Clause" />
    </if>
  </update>
  <update id="updateByPrimaryKeySelective" parameterType="com.bqs.risk.control.domain.UsrOperationLog" >
    update usr_operation_log
    <set >
      <if test="partnerId != null" >
        partner_id = #{partnerId,jdbcType=VARCHAR},
      </if>
      <if test="moduleCode != null" >
        module_code = #{moduleCode,jdbcType=VARCHAR},
      </if>
      <if test="operCode != null" >
        oper_code = #{operCode,jdbcType=VARCHAR},
      </if>
      <if test="recordId != null" >
        record_id = #{recordId,jdbcType=VARCHAR},
      </if>
      <if test="operContent != null" >
        oper_content = #{operContent,jdbcType=VARCHAR},
      </if>
      <if test="operUser != null" >
        oper_user = #{operUser,jdbcType=VARCHAR},
      </if>
      <if test="operUsername != null" >
        oper_username = #{operUsername,jdbcType=VARCHAR},
      </if>
      <if test="operTime != null" >
        oper_time = #{operTime,jdbcType=TIMESTAMP},
      </if>
    </set>
    where id = #{id,jdbcType=VARCHAR}
  </update>
  <update id="updateByPrimaryKey" parameterType="com.bqs.risk.control.domain.UsrOperationLog" >
    update usr_operation_log
    set partner_id = #{partnerId,jdbcType=VARCHAR},
      module_code = #{moduleCode,jdbcType=VARCHAR},
      oper_code = #{operCode,jdbcType=VARCHAR},
      record_id = #{recordId,jdbcType=VARCHAR},
      oper_content = #{operContent,jdbcType=VARCHAR},
      oper_user = #{operUser,jdbcType=VARCHAR},
      oper_username = #{operUsername,jdbcType=VARCHAR},
      oper_time = #{operTime,jdbcType=TIMESTAMP}
    where id = #{id,jdbcType=VARCHAR}
  </update>
</mapper>