<?xml version="1.0" encoding="UTF-8" ?>
<!DOCTYPE mapper PUBLIC "-//mybatis.org//DTD Mapper 3.0//EN" "http://mybatis.org/dtd/mybatis-3-mapper.dtd" >
<mapper namespace="com.bqs.risk.bms.dao.RiskDataPushMapper" >
  <resultMap id="BaseResultMap" type="com.bqs.risk.bms.domain.RiskDataPush" >
    <id column="id" property="id" jdbcType="INTEGER" />
    <result column="sftp_address" property="sftpAddress" jdbcType="VARCHAR" />
    <result column="sftp_port" property="sftpPort" jdbcType="INTEGER" />
    <result column="sftp_username" property="sftpUsername" jdbcType="VARCHAR" />
    <result column="sftp_password" property="sftpPassword" jdbcType="VARCHAR" />
    <result column="sftp_directory" property="sftpDirectory" jdbcType="VARCHAR" />
    <result column="partner_id" property="partnerId" jdbcType="VARCHAR" />
  </resultMap>
  <sql id="Example_Where_Clause" >
    <where >
      <foreach collection="oredCriteria" item="criteria" separator="or" >
        <if test="criteria.valid" >
          <trim prefix="(" suffix=")" prefixOverrides="and" >
            <foreach collection="criteria.criteria" item="criterion" >
              <choose >
                <when test="criterion.noValue" >
                  and ${criterion.condition}
                </when>
                <when test="criterion.singleValue" >
                  and ${criterion.condition} #{criterion.value}
                </when>
                <when test="criterion.betweenValue" >
                  and ${criterion.condition} #{criterion.value} and #{criterion.secondValue}
                </when>
                <when test="criterion.listValue" >
                  and ${criterion.condition}
                  <foreach collection="criterion.value" item="listItem" open="(" close=")" separator="," >
                    #{listItem}
                  </foreach>
                </when>
              </choose>
            </foreach>
          </trim>
        </if>
      </foreach>
    </where>
  </sql>
  <sql id="Update_By_Example_Where_Clause" >
    <where >
      <foreach collection="example.oredCriteria" item="criteria" separator="or" >
        <if test="criteria.valid" >
          <trim prefix="(" suffix=")" prefixOverrides="and" >
            <foreach collection="criteria.criteria" item="criterion" >
              <choose >
                <when test="criterion.noValue" >
                  and ${criterion.condition}
                </when>
                <when test="criterion.singleValue" >
                  and ${criterion.condition} #{criterion.value}
                </when>
                <when test="criterion.betweenValue" >
                  and ${criterion.condition} #{criterion.value} and #{criterion.secondValue}
                </when>
                <when test="criterion.listValue" >
                  and ${criterion.condition}
                  <foreach collection="criterion.value" item="listItem" open="(" close=")" separator="," >
                    #{listItem}
                  </foreach>
                </when>
              </choose>
            </foreach>
          </trim>
        </if>
      </foreach>
    </where>
  </sql>
  <sql id="Base_Column_List" >
    id, sftp_address, sftp_port, sftp_username, sftp_password, sftp_directory, partner_id
  </sql>
  <select id="selectByExample" resultMap="BaseResultMap" parameterType="com.bqs.risk.bms.domain.RiskDataPushExample" >
    select
    <if test="distinct" >
      distinct
    </if>
    'true' as QUERYID,
    <include refid="Base_Column_List" />
    from risk_data_push
    <if test="_parameter != null" >
      <include refid="Example_Where_Clause" />
    </if>
    <if test="orderByClause != null" >
      order by ${orderByClause}
    </if>
  </select>
  <select id="selectByPrimaryKey" resultMap="BaseResultMap" parameterType="java.lang.Integer" >
    select 
    <include refid="Base_Column_List" />
    from risk_data_push
    where id = #{id,jdbcType=INTEGER}
  </select>
  <delete id="deleteByPrimaryKey" parameterType="java.lang.Integer" >
    delete from risk_data_push
    where id = #{id,jdbcType=INTEGER}
  </delete>
  <delete id="deleteByExample" parameterType="com.bqs.risk.bms.domain.RiskDataPushExample" >
    delete from risk_data_push
    <if test="_parameter != null" >
      <include refid="Example_Where_Clause" />
    </if>
  </delete>
  <insert id="insert" parameterType="com.bqs.risk.bms.domain.RiskDataPush" >
    insert into risk_data_push (id, sftp_address, sftp_port, 
      sftp_username, sftp_password, sftp_directory, 
      partner_id)
    values (#{id,jdbcType=INTEGER}, #{sftpAddress,jdbcType=VARCHAR}, #{sftpPort,jdbcType=INTEGER}, 
      #{sftpUsername,jdbcType=VARCHAR}, #{sftpPassword,jdbcType=VARCHAR}, #{sftpDirectory,jdbcType=VARCHAR}, 
      #{partnerId,jdbcType=VARCHAR})
  </insert>
  <insert id="insertSelective" parameterType="com.bqs.risk.bms.domain.RiskDataPush" >
    insert into risk_data_push
    <trim prefix="(" suffix=")" suffixOverrides="," >
      <if test="id != null" >
        id,
      </if>
      <if test="sftpAddress != null" >
        sftp_address,
      </if>
      <if test="sftpPort != null" >
        sftp_port,
      </if>
      <if test="sftpUsername != null" >
        sftp_username,
      </if>
      <if test="sftpPassword != null" >
        sftp_password,
      </if>
      <if test="sftpDirectory != null" >
        sftp_directory,
      </if>
      <if test="partnerId != null" >
        partner_id,
      </if>
    </trim>
    <trim prefix="values (" suffix=")" suffixOverrides="," >
      <if test="id != null" >
        #{id,jdbcType=INTEGER},
      </if>
      <if test="sftpAddress != null" >
        #{sftpAddress,jdbcType=VARCHAR},
      </if>
      <if test="sftpPort != null" >
        #{sftpPort,jdbcType=INTEGER},
      </if>
      <if test="sftpUsername != null" >
        #{sftpUsername,jdbcType=VARCHAR},
      </if>
      <if test="sftpPassword != null" >
        #{sftpPassword,jdbcType=VARCHAR},
      </if>
      <if test="sftpDirectory != null" >
        #{sftpDirectory,jdbcType=VARCHAR},
      </if>
      <if test="partnerId != null" >
        #{partnerId,jdbcType=VARCHAR},
      </if>
    </trim>
  </insert>
  <select id="countByExample" parameterType="com.bqs.risk.bms.domain.RiskDataPushExample" resultType="java.lang.Integer" >
    select count(*) from risk_data_push
    <if test="_parameter != null" >
      <include refid="Example_Where_Clause" />
    </if>
  </select>
  <update id="updateByExampleSelective" parameterType="map" >
    update risk_data_push
    <set >
      <if test="record.id != null" >
        id = #{record.id,jdbcType=INTEGER},
      </if>
      <if test="record.sftpAddress != null" >
        sftp_address = #{record.sftpAddress,jdbcType=VARCHAR},
      </if>
      <if test="record.sftpPort != null" >
        sftp_port = #{record.sftpPort,jdbcType=INTEGER},
      </if>
      <if test="record.sftpUsername != null" >
        sftp_username = #{record.sftpUsername,jdbcType=VARCHAR},
      </if>
      <if test="record.sftpPassword != null" >
        sftp_password = #{record.sftpPassword,jdbcType=VARCHAR},
      </if>
      <if test="record.sftpDirectory != null" >
        sftp_directory = #{record.sftpDirectory,jdbcType=VARCHAR},
      </if>
      <if test="record.partnerId != null" >
        partner_id = #{record.partnerId,jdbcType=VARCHAR},
      </if>
    </set>
    <if test="_parameter != null" >
      <include refid="Update_By_Example_Where_Clause" />
    </if>
  </update>
  <update id="updateByExample" parameterType="map" >
    update risk_data_push
    set id = #{record.id,jdbcType=INTEGER},
      sftp_address = #{record.sftpAddress,jdbcType=VARCHAR},
      sftp_port = #{record.sftpPort,jdbcType=INTEGER},
      sftp_username = #{record.sftpUsername,jdbcType=VARCHAR},
      sftp_password = #{record.sftpPassword,jdbcType=VARCHAR},
      sftp_directory = #{record.sftpDirectory,jdbcType=VARCHAR},
      partner_id = #{record.partnerId,jdbcType=VARCHAR}
    <if test="_parameter != null" >
      <include refid="Update_By_Example_Where_Clause" />
    </if>
  </update>
  <update id="updateByPrimaryKeySelective" parameterType="com.bqs.risk.bms.domain.RiskDataPush" >
    update risk_data_push
    <set >
      <if test="sftpAddress != null" >
        sftp_address = #{sftpAddress,jdbcType=VARCHAR},
      </if>
      <if test="sftpPort != null" >
        sftp_port = #{sftpPort,jdbcType=INTEGER},
      </if>
      <if test="sftpUsername != null" >
        sftp_username = #{sftpUsername,jdbcType=VARCHAR},
      </if>
      <if test="sftpPassword != null" >
        sftp_password = #{sftpPassword,jdbcType=VARCHAR},
      </if>
      <if test="sftpDirectory != null" >
        sftp_directory = #{sftpDirectory,jdbcType=VARCHAR},
      </if>
      <if test="partnerId != null" >
        partner_id = #{partnerId,jdbcType=VARCHAR},
      </if>
    </set>
    where id = #{id,jdbcType=INTEGER}
  </update>
  <update id="updateByPrimaryKey" parameterType="com.bqs.risk.bms.domain.RiskDataPush" >
    update risk_data_push
    set sftp_address = #{sftpAddress,jdbcType=VARCHAR},
      sftp_port = #{sftpPort,jdbcType=INTEGER},
      sftp_username = #{sftpUsername,jdbcType=VARCHAR},
      sftp_password = #{sftpPassword,jdbcType=VARCHAR},
      sftp_directory = #{sftpDirectory,jdbcType=VARCHAR},
      partner_id = #{partnerId,jdbcType=VARCHAR}
    where id = #{id,jdbcType=INTEGER}
  </update>
</mapper>