<?xml version="1.0" encoding="UTF-8"?>
<!DOCTYPE generatorConfiguration
  PUBLIC "-//mybatis.org//DTD MyBatis Generator Configuration 1.0//EN"
  "http://mybatis.org/dtd/mybatis-generator-config_1_0.dtd">
<generatorConfiguration>
	<classPathEntry	location="mysql-connector-java-5.1.35.jar"/>
	<context id="DB2Tables"	targetRuntime="MyBatis3">
		<commentGenerator>
			<property name="suppressDate" value="true"/>
			<property name="suppressAllComments" value="true"/>
		</commentGenerator>
		<jdbcConnection driverClass="com.mysql.jdbc.Driver" connectionURL="jdbc:mysql://192.168.1.241:3306/risk?useUnicode=true&amp;characterEncoding=utf8" userId="bqs" password="123456">
		</jdbcConnection>
		<javaTypeResolver>
			<property name="forceBigDecimals" value="false"/>
		</javaTypeResolver>
		<javaModelGenerator targetPackage="com.bqs.importdata.dao.po" targetProject="src">
			<property name="enableSubPackages" value="true"/>
			<property name="trimStrings" value="true"/>
		</javaModelGenerator>
		<sqlMapGenerator targetPackage="com.bqs.importdata.dao.po" targetProject="src">
			<property name="enableSubPackages" value="true"/>
		</sqlMapGenerator>
		<javaClientGenerator type="XMLMAPPER" targetPackage="com.bqs.importdata.dao.po" targetProject="src">
			<property name="enableSubPackages" value="true"/>
		</javaClientGenerator>
		
		<table tableName="tbl_region_code_info" domainObjectName="RegionCodeInfo" 
			enableCountByExample="true" enableUpdateByExample="true" enableDeleteByExample="true" enableSelectByExample="true" selectByExampleQueryId="true"
			enableSelectByPrimaryKey="true" enableDeleteByPrimaryKey="true" 
			>
		</table> 
		
	</context>
</generatorConfiguration>
