<?xml version="1.0" encoding="UTF-8"?>
<!DOCTYPE mapper PUBLIC "-//mybatis.org//DTD Mapper 3.0//EN" "http://mybatis.org/dtd/mybatis-3-mapper.dtd">
<mapper namespace="com.bqs.importdata.dao.po.RegionCodeInfoMapper">
  <resultMap id="BaseResultMap" type="com.bqs.importdata.dao.po.RegionCodeInfo">
    <id column="code" jdbcType="BIGINT" property="code" />
    <result column="value" jdbcType="VARCHAR" property="value" />
    <result column="province" jdbcType="VARCHAR" property="province" />
    <result column="city" jdbcType="VARCHAR" property="city" />
    <result column="county" jdbcType="VARCHAR" property="county" />
    <result column="complete_address" jdbcType="VARCHAR" property="completeAddress" />
    <result column="longitude" jdbcType="VARCHAR" property="longitude" />
    <result column="latitude" jdbcType="VARCHAR" property="latitude" />
    <result column="phone_code" jdbcType="VARCHAR" property="phoneCode" />
    <result column="post_code" jdbcType="VARCHAR" property="postCode" />
    <result column="area" jdbcType="VARCHAR" property="area" />
    <result column="population" jdbcType="VARCHAR" property="population" />
    <result column="upCode" jdbcType="VARCHAR" property="upcode" />
    <result column="gov_url" jdbcType="VARCHAR" property="govUrl" />
    <result column="gov_addr" jdbcType="VARCHAR" property="govAddr" />
    <result column="history_code" jdbcType="VARCHAR" property="historyCode" />
  </resultMap>
  <sql id="Example_Where_Clause">
    <where>
      <foreach collection="oredCriteria" item="criteria" separator="or">
        <if test="criteria.valid">
          <trim prefix="(" prefixOverrides="and" suffix=")">
            <foreach collection="criteria.criteria" item="criterion">
              <choose>
                <when test="criterion.noValue">
                  and ${criterion.condition}
                </when>
                <when test="criterion.singleValue">
                  and ${criterion.condition} #{criterion.value}
                </when>
                <when test="criterion.betweenValue">
                  and ${criterion.condition} #{criterion.value} and #{criterion.secondValue}
                </when>
                <when test="criterion.listValue">
                  and ${criterion.condition}
                  <foreach close=")" collection="criterion.value" item="listItem" open="(" separator=",">
                    #{listItem}
                  </foreach>
                </when>
              </choose>
            </foreach>
          </trim>
        </if>
      </foreach>
    </where>
  </sql>
  <sql id="Update_By_Example_Where_Clause">
    <where>
      <foreach collection="example.oredCriteria" item="criteria" separator="or">
        <if test="criteria.valid">
          <trim prefix="(" prefixOverrides="and" suffix=")">
            <foreach collection="criteria.criteria" item="criterion">
              <choose>
                <when test="criterion.noValue">
                  and ${criterion.condition}
                </when>
                <when test="criterion.singleValue">
                  and ${criterion.condition} #{criterion.value}
                </when>
                <when test="criterion.betweenValue">
                  and ${criterion.condition} #{criterion.value} and #{criterion.secondValue}
                </when>
                <when test="criterion.listValue">
                  and ${criterion.condition}
                  <foreach close=")" collection="criterion.value" item="listItem" open="(" separator=",">
                    #{listItem}
                  </foreach>
                </when>
              </choose>
            </foreach>
          </trim>
        </if>
      </foreach>
    </where>
  </sql>
  <sql id="Base_Column_List">
    code, value, province, city, county, complete_address, longitude, latitude, phone_code, 
    post_code, area, population, upCode, gov_url, gov_addr, history_code
  </sql>
  <select id="selectByExample" parameterType="com.bqs.importdata.dao.po.RegionCodeInfoExample" resultMap="BaseResultMap">
    select
    <if test="distinct">
      distinct
    </if>
    'true' as QUERYID,
    <include refid="Base_Column_List" />
    from tbl_region_code_info
    <if test="_parameter != null">
      <include refid="Example_Where_Clause" />
    </if>
    <if test="orderByClause != null">
      order by ${orderByClause}
    </if>
  </select>
  <select id="selectByPrimaryKey" parameterType="java.lang.Long" resultMap="BaseResultMap">
    select 
    <include refid="Base_Column_List" />
    from tbl_region_code_info
    where code = #{code,jdbcType=BIGINT}
  </select>
  <delete id="deleteByPrimaryKey" parameterType="java.lang.Long">
    delete from tbl_region_code_info
    where code = #{code,jdbcType=BIGINT}
  </delete>
  <delete id="deleteByExample" parameterType="com.bqs.importdata.dao.po.RegionCodeInfoExample">
    delete from tbl_region_code_info
    <if test="_parameter != null">
      <include refid="Example_Where_Clause" />
    </if>
  </delete>
  <insert id="insert" parameterType="com.bqs.importdata.dao.po.RegionCodeInfo">
    insert into tbl_region_code_info (code, value, province, 
      city, county, complete_address, 
      longitude, latitude, phone_code, 
      post_code, area, population, 
      upCode, gov_url, gov_addr, 
      history_code)
    values (#{code,jdbcType=BIGINT}, #{value,jdbcType=VARCHAR}, #{province,jdbcType=VARCHAR}, 
      #{city,jdbcType=VARCHAR}, #{county,jdbcType=VARCHAR}, #{completeAddress,jdbcType=VARCHAR}, 
      #{longitude,jdbcType=VARCHAR}, #{latitude,jdbcType=VARCHAR}, #{phoneCode,jdbcType=VARCHAR}, 
      #{postCode,jdbcType=VARCHAR}, #{area,jdbcType=VARCHAR}, #{population,jdbcType=VARCHAR}, 
      #{upcode,jdbcType=VARCHAR}, #{govUrl,jdbcType=VARCHAR}, #{govAddr,jdbcType=VARCHAR}, 
      #{historyCode,jdbcType=VARCHAR})
  </insert>
  <insert id="insertSelective" parameterType="com.bqs.importdata.dao.po.RegionCodeInfo">
    insert into tbl_region_code_info
    <trim prefix="(" suffix=")" suffixOverrides=",">
      <if test="code != null">
        code,
      </if>
      <if test="value != null">
        value,
      </if>
      <if test="province != null">
        province,
      </if>
      <if test="city != null">
        city,
      </if>
      <if test="county != null">
        county,
      </if>
      <if test="completeAddress != null">
        complete_address,
      </if>
      <if test="longitude != null">
        longitude,
      </if>
      <if test="latitude != null">
        latitude,
      </if>
      <if test="phoneCode != null">
        phone_code,
      </if>
      <if test="postCode != null">
        post_code,
      </if>
      <if test="area != null">
        area,
      </if>
      <if test="population != null">
        population,
      </if>
      <if test="upcode != null">
        upCode,
      </if>
      <if test="govUrl != null">
        gov_url,
      </if>
      <if test="govAddr != null">
        gov_addr,
      </if>
      <if test="historyCode != null">
        history_code,
      </if>
    </trim>
    <trim prefix="values (" suffix=")" suffixOverrides=",">
      <if test="code != null">
        #{code,jdbcType=BIGINT},
      </if>
      <if test="value != null">
        #{value,jdbcType=VARCHAR},
      </if>
      <if test="province != null">
        #{province,jdbcType=VARCHAR},
      </if>
      <if test="city != null">
        #{city,jdbcType=VARCHAR},
      </if>
      <if test="county != null">
        #{county,jdbcType=VARCHAR},
      </if>
      <if test="completeAddress != null">
        #{completeAddress,jdbcType=VARCHAR},
      </if>
      <if test="longitude != null">
        #{longitude,jdbcType=VARCHAR},
      </if>
      <if test="latitude != null">
        #{latitude,jdbcType=VARCHAR},
      </if>
      <if test="phoneCode != null">
        #{phoneCode,jdbcType=VARCHAR},
      </if>
      <if test="postCode != null">
        #{postCode,jdbcType=VARCHAR},
      </if>
      <if test="area != null">
        #{area,jdbcType=VARCHAR},
      </if>
      <if test="population != null">
        #{population,jdbcType=VARCHAR},
      </if>
      <if test="upcode != null">
        #{upcode,jdbcType=VARCHAR},
      </if>
      <if test="govUrl != null">
        #{govUrl,jdbcType=VARCHAR},
      </if>
      <if test="govAddr != null">
        #{govAddr,jdbcType=VARCHAR},
      </if>
      <if test="historyCode != null">
        #{historyCode,jdbcType=VARCHAR},
      </if>
    </trim>
  </insert>
  <select id="countByExample" parameterType="com.bqs.importdata.dao.po.RegionCodeInfoExample" resultType="java.lang.Integer">
    select count(*) from tbl_region_code_info
    <if test="_parameter != null">
      <include refid="Example_Where_Clause" />
    </if>
  </select>
  <update id="updateByExampleSelective" parameterType="map">
    update tbl_region_code_info
    <set>
      <if test="record.code != null">
        code = #{record.code,jdbcType=BIGINT},
      </if>
      <if test="record.value != null">
        value = #{record.value,jdbcType=VARCHAR},
      </if>
      <if test="record.province != null">
        province = #{record.province,jdbcType=VARCHAR},
      </if>
      <if test="record.city != null">
        city = #{record.city,jdbcType=VARCHAR},
      </if>
      <if test="record.county != null">
        county = #{record.county,jdbcType=VARCHAR},
      </if>
      <if test="record.completeAddress != null">
        complete_address = #{record.completeAddress,jdbcType=VARCHAR},
      </if>
      <if test="record.longitude != null">
        longitude = #{record.longitude,jdbcType=VARCHAR},
      </if>
      <if test="record.latitude != null">
        latitude = #{record.latitude,jdbcType=VARCHAR},
      </if>
      <if test="record.phoneCode != null">
        phone_code = #{record.phoneCode,jdbcType=VARCHAR},
      </if>
      <if test="record.postCode != null">
        post_code = #{record.postCode,jdbcType=VARCHAR},
      </if>
      <if test="record.area != null">
        area = #{record.area,jdbcType=VARCHAR},
      </if>
      <if test="record.population != null">
        population = #{record.population,jdbcType=VARCHAR},
      </if>
      <if test="record.upcode != null">
        upCode = #{record.upcode,jdbcType=VARCHAR},
      </if>
      <if test="record.govUrl != null">
        gov_url = #{record.govUrl,jdbcType=VARCHAR},
      </if>
      <if test="record.govAddr != null">
        gov_addr = #{record.govAddr,jdbcType=VARCHAR},
      </if>
      <if test="record.historyCode != null">
        history_code = #{record.historyCode,jdbcType=VARCHAR},
      </if>
    </set>
    <if test="_parameter != null">
      <include refid="Update_By_Example_Where_Clause" />
    </if>
  </update>
  <update id="updateByExample" parameterType="map">
    update tbl_region_code_info
    set code = #{record.code,jdbcType=BIGINT},
      value = #{record.value,jdbcType=VARCHAR},
      province = #{record.province,jdbcType=VARCHAR},
      city = #{record.city,jdbcType=VARCHAR},
      county = #{record.county,jdbcType=VARCHAR},
      complete_address = #{record.completeAddress,jdbcType=VARCHAR},
      longitude = #{record.longitude,jdbcType=VARCHAR},
      latitude = #{record.latitude,jdbcType=VARCHAR},
      phone_code = #{record.phoneCode,jdbcType=VARCHAR},
      post_code = #{record.postCode,jdbcType=VARCHAR},
      area = #{record.area,jdbcType=VARCHAR},
      population = #{record.population,jdbcType=VARCHAR},
      upCode = #{record.upcode,jdbcType=VARCHAR},
      gov_url = #{record.govUrl,jdbcType=VARCHAR},
      gov_addr = #{record.govAddr,jdbcType=VARCHAR},
      history_code = #{record.historyCode,jdbcType=VARCHAR}
    <if test="_parameter != null">
      <include refid="Update_By_Example_Where_Clause" />
    </if>
  </update>
  <update id="updateByPrimaryKeySelective" parameterType="com.bqs.importdata.dao.po.RegionCodeInfo">
    update tbl_region_code_info
    <set>
      <if test="value != null">
        value = #{value,jdbcType=VARCHAR},
      </if>
      <if test="province != null">
        province = #{province,jdbcType=VARCHAR},
      </if>
      <if test="city != null">
        city = #{city,jdbcType=VARCHAR},
      </if>
      <if test="county != null">
        county = #{county,jdbcType=VARCHAR},
      </if>
      <if test="completeAddress != null">
        complete_address = #{completeAddress,jdbcType=VARCHAR},
      </if>
      <if test="longitude != null">
        longitude = #{longitude,jdbcType=VARCHAR},
      </if>
      <if test="latitude != null">
        latitude = #{latitude,jdbcType=VARCHAR},
      </if>
      <if test="phoneCode != null">
        phone_code = #{phoneCode,jdbcType=VARCHAR},
      </if>
      <if test="postCode != null">
        post_code = #{postCode,jdbcType=VARCHAR},
      </if>
      <if test="area != null">
        area = #{area,jdbcType=VARCHAR},
      </if>
      <if test="population != null">
        population = #{population,jdbcType=VARCHAR},
      </if>
      <if test="upcode != null">
        upCode = #{upcode,jdbcType=VARCHAR},
      </if>
      <if test="govUrl != null">
        gov_url = #{govUrl,jdbcType=VARCHAR},
      </if>
      <if test="govAddr != null">
        gov_addr = #{govAddr,jdbcType=VARCHAR},
      </if>
      <if test="historyCode != null">
        history_code = #{historyCode,jdbcType=VARCHAR},
      </if>
    </set>
    where code = #{code,jdbcType=BIGINT}
  </update>
  <update id="updateByPrimaryKey" parameterType="com.bqs.importdata.dao.po.RegionCodeInfo">
    update tbl_region_code_info
    set value = #{value,jdbcType=VARCHAR},
      province = #{province,jdbcType=VARCHAR},
      city = #{city,jdbcType=VARCHAR},
      county = #{county,jdbcType=VARCHAR},
      complete_address = #{completeAddress,jdbcType=VARCHAR},
      longitude = #{longitude,jdbcType=VARCHAR},
      latitude = #{latitude,jdbcType=VARCHAR},
      phone_code = #{phoneCode,jdbcType=VARCHAR},
      post_code = #{postCode,jdbcType=VARCHAR},
      area = #{area,jdbcType=VARCHAR},
      population = #{population,jdbcType=VARCHAR},
      upCode = #{upcode,jdbcType=VARCHAR},
      gov_url = #{govUrl,jdbcType=VARCHAR},
      gov_addr = #{govAddr,jdbcType=VARCHAR},
      history_code = #{historyCode,jdbcType=VARCHAR}
    where code = #{code,jdbcType=BIGINT}
  </update>
  <resultMap id="BaseResultMap" type="com.bqs.importdata.dao.po.RegionCodeInfo">
    <id column="code" jdbcType="BIGINT" property="code" />
    <result column="value" jdbcType="VARCHAR" property="value" />
    <result column="province" jdbcType="VARCHAR" property="province" />
    <result column="city" jdbcType="VARCHAR" property="city" />
    <result column="county" jdbcType="VARCHAR" property="county" />
    <result column="complete_address" jdbcType="VARCHAR" property="completeAddress" />
    <result column="longitude" jdbcType="VARCHAR" property="longitude" />
    <result column="latitude" jdbcType="VARCHAR" property="latitude" />
    <result column="phone_code" jdbcType="VARCHAR" property="phoneCode" />
    <result column="post_code" jdbcType="VARCHAR" property="postCode" />
    <result column="area" jdbcType="VARCHAR" property="area" />
    <result column="population" jdbcType="VARCHAR" property="population" />
    <result column="upCode" jdbcType="VARCHAR" property="upcode" />
    <result column="gov_url" jdbcType="VARCHAR" property="govUrl" />
    <result column="gov_addr" jdbcType="VARCHAR" property="govAddr" />
    <result column="history_code" jdbcType="VARCHAR" property="historyCode" />
  </resultMap>
  <sql id="Example_Where_Clause">
    <where>
      <foreach collection="oredCriteria" item="criteria" separator="or">
        <if test="criteria.valid">
          <trim prefix="(" prefixOverrides="and" suffix=")">
            <foreach collection="criteria.criteria" item="criterion">
              <choose>
                <when test="criterion.noValue">
                  and ${criterion.condition}
                </when>
                <when test="criterion.singleValue">
                  and ${criterion.condition} #{criterion.value}
                </when>
                <when test="criterion.betweenValue">
                  and ${criterion.condition} #{criterion.value} and #{criterion.secondValue}
                </when>
                <when test="criterion.listValue">
                  and ${criterion.condition}
                  <foreach close=")" collection="criterion.value" item="listItem" open="(" separator=",">
                    #{listItem}
                  </foreach>
                </when>
              </choose>
            </foreach>
          </trim>
        </if>
      </foreach>
    </where>
  </sql>
  <sql id="Update_By_Example_Where_Clause">
    <where>
      <foreach collection="example.oredCriteria" item="criteria" separator="or">
        <if test="criteria.valid">
          <trim prefix="(" prefixOverrides="and" suffix=")">
            <foreach collection="criteria.criteria" item="criterion">
              <choose>
                <when test="criterion.noValue">
                  and ${criterion.condition}
                </when>
                <when test="criterion.singleValue">
                  and ${criterion.condition} #{criterion.value}
                </when>
                <when test="criterion.betweenValue">
                  and ${criterion.condition} #{criterion.value} and #{criterion.secondValue}
                </when>
                <when test="criterion.listValue">
                  and ${criterion.condition}
                  <foreach close=")" collection="criterion.value" item="listItem" open="(" separator=",">
                    #{listItem}
                  </foreach>
                </when>
              </choose>
            </foreach>
          </trim>
        </if>
      </foreach>
    </where>
  </sql>
  <sql id="Base_Column_List">
    code, value, province, city, county, complete_address, longitude, latitude, phone_code, 
    post_code, area, population, upCode, gov_url, gov_addr, history_code
  </sql>
  <select id="selectByExample" parameterType="com.bqs.importdata.dao.po.RegionCodeInfoExample" resultMap="BaseResultMap">
    select
    <if test="distinct">
      distinct
    </if>
    'true' as QUERYID,
    <include refid="Base_Column_List" />
    from tbl_region_code_info
    <if test="_parameter != null">
      <include refid="Example_Where_Clause" />
    </if>
    <if test="orderByClause != null">
      order by ${orderByClause}
    </if>
  </select>
  <select id="selectByPrimaryKey" parameterType="java.lang.Long" resultMap="BaseResultMap">
    select 
    <include refid="Base_Column_List" />
    from tbl_region_code_info
    where code = #{code,jdbcType=BIGINT}
  </select>
  <delete id="deleteByPrimaryKey" parameterType="java.lang.Long">
    delete from tbl_region_code_info
    where code = #{code,jdbcType=BIGINT}
  </delete>
  <delete id="deleteByExample" parameterType="com.bqs.importdata.dao.po.RegionCodeInfoExample">
    delete from tbl_region_code_info
    <if test="_parameter != null">
      <include refid="Example_Where_Clause" />
    </if>
  </delete>
  <insert id="insert" parameterType="com.bqs.importdata.dao.po.RegionCodeInfo">
    insert into tbl_region_code_info (code, value, province, 
      city, county, complete_address, 
      longitude, latitude, phone_code, 
      post_code, area, population, 
      upCode, gov_url, gov_addr, 
      history_code)
    values (#{code,jdbcType=BIGINT}, #{value,jdbcType=VARCHAR}, #{province,jdbcType=VARCHAR}, 
      #{city,jdbcType=VARCHAR}, #{county,jdbcType=VARCHAR}, #{completeAddress,jdbcType=VARCHAR}, 
      #{longitude,jdbcType=VARCHAR}, #{latitude,jdbcType=VARCHAR}, #{phoneCode,jdbcType=VARCHAR}, 
      #{postCode,jdbcType=VARCHAR}, #{area,jdbcType=VARCHAR}, #{population,jdbcType=VARCHAR}, 
      #{upcode,jdbcType=VARCHAR}, #{govUrl,jdbcType=VARCHAR}, #{govAddr,jdbcType=VARCHAR}, 
      #{historyCode,jdbcType=VARCHAR})
  </insert>
  <insert id="insertSelective" parameterType="com.bqs.importdata.dao.po.RegionCodeInfo">
    insert into tbl_region_code_info
    <trim prefix="(" suffix=")" suffixOverrides=",">
      <if test="code != null">
        code,
      </if>
      <if test="value != null">
        value,
      </if>
      <if test="province != null">
        province,
      </if>
      <if test="city != null">
        city,
      </if>
      <if test="county != null">
        county,
      </if>
      <if test="completeAddress != null">
        complete_address,
      </if>
      <if test="longitude != null">
        longitude,
      </if>
      <if test="latitude != null">
        latitude,
      </if>
      <if test="phoneCode != null">
        phone_code,
      </if>
      <if test="postCode != null">
        post_code,
      </if>
      <if test="area != null">
        area,
      </if>
      <if test="population != null">
        population,
      </if>
      <if test="upcode != null">
        upCode,
      </if>
      <if test="govUrl != null">
        gov_url,
      </if>
      <if test="govAddr != null">
        gov_addr,
      </if>
      <if test="historyCode != null">
        history_code,
      </if>
    </trim>
    <trim prefix="values (" suffix=")" suffixOverrides=",">
      <if test="code != null">
        #{code,jdbcType=BIGINT},
      </if>
      <if test="value != null">
        #{value,jdbcType=VARCHAR},
      </if>
      <if test="province != null">
        #{province,jdbcType=VARCHAR},
      </if>
      <if test="city != null">
        #{city,jdbcType=VARCHAR},
      </if>
      <if test="county != null">
        #{county,jdbcType=VARCHAR},
      </if>
      <if test="completeAddress != null">
        #{completeAddress,jdbcType=VARCHAR},
      </if>
      <if test="longitude != null">
        #{longitude,jdbcType=VARCHAR},
      </if>
      <if test="latitude != null">
        #{latitude,jdbcType=VARCHAR},
      </if>
      <if test="phoneCode != null">
        #{phoneCode,jdbcType=VARCHAR},
      </if>
      <if test="postCode != null">
        #{postCode,jdbcType=VARCHAR},
      </if>
      <if test="area != null">
        #{area,jdbcType=VARCHAR},
      </if>
      <if test="population != null">
        #{population,jdbcType=VARCHAR},
      </if>
      <if test="upcode != null">
        #{upcode,jdbcType=VARCHAR},
      </if>
      <if test="govUrl != null">
        #{govUrl,jdbcType=VARCHAR},
      </if>
      <if test="govAddr != null">
        #{govAddr,jdbcType=VARCHAR},
      </if>
      <if test="historyCode != null">
        #{historyCode,jdbcType=VARCHAR},
      </if>
    </trim>
  </insert>
  <select id="countByExample" parameterType="com.bqs.importdata.dao.po.RegionCodeInfoExample" resultType="java.lang.Integer">
    select count(*) from tbl_region_code_info
    <if test="_parameter != null">
      <include refid="Example_Where_Clause" />
    </if>
  </select>
  <update id="updateByExampleSelective" parameterType="map">
    update tbl_region_code_info
    <set>
      <if test="record.code != null">
        code = #{record.code,jdbcType=BIGINT},
      </if>
      <if test="record.value != null">
        value = #{record.value,jdbcType=VARCHAR},
      </if>
      <if test="record.province != null">
        province = #{record.province,jdbcType=VARCHAR},
      </if>
      <if test="record.city != null">
        city = #{record.city,jdbcType=VARCHAR},
      </if>
      <if test="record.county != null">
        county = #{record.county,jdbcType=VARCHAR},
      </if>
      <if test="record.completeAddress != null">
        complete_address = #{record.completeAddress,jdbcType=VARCHAR},
      </if>
      <if test="record.longitude != null">
        longitude = #{record.longitude,jdbcType=VARCHAR},
      </if>
      <if test="record.latitude != null">
        latitude = #{record.latitude,jdbcType=VARCHAR},
      </if>
      <if test="record.phoneCode != null">
        phone_code = #{record.phoneCode,jdbcType=VARCHAR},
      </if>
      <if test="record.postCode != null">
        post_code = #{record.postCode,jdbcType=VARCHAR},
      </if>
      <if test="record.area != null">
        area = #{record.area,jdbcType=VARCHAR},
      </if>
      <if test="record.population != null">
        population = #{record.population,jdbcType=VARCHAR},
      </if>
      <if test="record.upcode != null">
        upCode = #{record.upcode,jdbcType=VARCHAR},
      </if>
      <if test="record.govUrl != null">
        gov_url = #{record.govUrl,jdbcType=VARCHAR},
      </if>
      <if test="record.govAddr != null">
        gov_addr = #{record.govAddr,jdbcType=VARCHAR},
      </if>
      <if test="record.historyCode != null">
        history_code = #{record.historyCode,jdbcType=VARCHAR},
      </if>
    </set>
    <if test="_parameter != null">
      <include refid="Update_By_Example_Where_Clause" />
    </if>
  </update>
  <update id="updateByExample" parameterType="map">
    update tbl_region_code_info
    set code = #{record.code,jdbcType=BIGINT},
      value = #{record.value,jdbcType=VARCHAR},
      province = #{record.province,jdbcType=VARCHAR},
      city = #{record.city,jdbcType=VARCHAR},
      county = #{record.county,jdbcType=VARCHAR},
      complete_address = #{record.completeAddress,jdbcType=VARCHAR},
      longitude = #{record.longitude,jdbcType=VARCHAR},
      latitude = #{record.latitude,jdbcType=VARCHAR},
      phone_code = #{record.phoneCode,jdbcType=VARCHAR},
      post_code = #{record.postCode,jdbcType=VARCHAR},
      area = #{record.area,jdbcType=VARCHAR},
      population = #{record.population,jdbcType=VARCHAR},
      upCode = #{record.upcode,jdbcType=VARCHAR},
      gov_url = #{record.govUrl,jdbcType=VARCHAR},
      gov_addr = #{record.govAddr,jdbcType=VARCHAR},
      history_code = #{record.historyCode,jdbcType=VARCHAR}
    <if test="_parameter != null">
      <include refid="Update_By_Example_Where_Clause" />
    </if>
  </update>
  <update id="updateByPrimaryKeySelective" parameterType="com.bqs.importdata.dao.po.RegionCodeInfo">
    update tbl_region_code_info
    <set>
      <if test="value != null">
        value = #{value,jdbcType=VARCHAR},
      </if>
      <if test="province != null">
        province = #{province,jdbcType=VARCHAR},
      </if>
      <if test="city != null">
        city = #{city,jdbcType=VARCHAR},
      </if>
      <if test="county != null">
        county = #{county,jdbcType=VARCHAR},
      </if>
      <if test="completeAddress != null">
        complete_address = #{completeAddress,jdbcType=VARCHAR},
      </if>
      <if test="longitude != null">
        longitude = #{longitude,jdbcType=VARCHAR},
      </if>
      <if test="latitude != null">
        latitude = #{latitude,jdbcType=VARCHAR},
      </if>
      <if test="phoneCode != null">
        phone_code = #{phoneCode,jdbcType=VARCHAR},
      </if>
      <if test="postCode != null">
        post_code = #{postCode,jdbcType=VARCHAR},
      </if>
      <if test="area != null">
        area = #{area,jdbcType=VARCHAR},
      </if>
      <if test="population != null">
        population = #{population,jdbcType=VARCHAR},
      </if>
      <if test="upcode != null">
        upCode = #{upcode,jdbcType=VARCHAR},
      </if>
      <if test="govUrl != null">
        gov_url = #{govUrl,jdbcType=VARCHAR},
      </if>
      <if test="govAddr != null">
        gov_addr = #{govAddr,jdbcType=VARCHAR},
      </if>
      <if test="historyCode != null">
        history_code = #{historyCode,jdbcType=VARCHAR},
      </if>
    </set>
    where code = #{code,jdbcType=BIGINT}
  </update>
  <update id="updateByPrimaryKey" parameterType="com.bqs.importdata.dao.po.RegionCodeInfo">
    update tbl_region_code_info
    set value = #{value,jdbcType=VARCHAR},
      province = #{province,jdbcType=VARCHAR},
      city = #{city,jdbcType=VARCHAR},
      county = #{county,jdbcType=VARCHAR},
      complete_address = #{completeAddress,jdbcType=VARCHAR},
      longitude = #{longitude,jdbcType=VARCHAR},
      latitude = #{latitude,jdbcType=VARCHAR},
      phone_code = #{phoneCode,jdbcType=VARCHAR},
      post_code = #{postCode,jdbcType=VARCHAR},
      area = #{area,jdbcType=VARCHAR},
      population = #{population,jdbcType=VARCHAR},
      upCode = #{upcode,jdbcType=VARCHAR},
      gov_url = #{govUrl,jdbcType=VARCHAR},
      gov_addr = #{govAddr,jdbcType=VARCHAR},
      history_code = #{historyCode,jdbcType=VARCHAR}
    where code = #{code,jdbcType=BIGINT}
  </update>
</mapper>