<?xml version="1.0" encoding="UTF-8" ?>
<!DOCTYPE mapper PUBLIC "-//mybatis.org//DTD Mapper 3.0//EN" "http://mybatis.org/dtd/mybatis-3-mapper.dtd" >
<mapper namespace="com.bqs.risk.fsp.dao.DictEntryMapper" >
  <resultMap id="BaseResultMap" type="com.bqs.risk.fsp.domain.DictEntry" >
    <id column="entry_id" property="entryId" jdbcType="VARCHAR" />
    <result column="kind_id" property="kindId" jdbcType="VARCHAR" />
    <result column="entry_code" property="entryCode" jdbcType="VARCHAR" />
    <result column="entry_name" property="entryName" jdbcType="VARCHAR" />
    <result column="remark" property="remark" jdbcType="VARCHAR" />
  </resultMap>
  <sql id="Example_Where_Clause" >
    <where >
      <foreach collection="oredCriteria" item="criteria" separator="or" >
        <if test="criteria.valid" >
          <trim prefix="(" suffix=")" prefixOverrides="and" >
            <foreach collection="criteria.criteria" item="criterion" >
              <choose >
                <when test="criterion.noValue" >
                  and ${criterion.condition}
                </when>
                <when test="criterion.singleValue" >
                  and ${criterion.condition} #{criterion.value}
                </when>
                <when test="criterion.betweenValue" >
                  and ${criterion.condition} #{criterion.value} and #{criterion.secondValue}
                </when>
                <when test="criterion.listValue" >
                  and ${criterion.condition}
                  <foreach collection="criterion.value" item="listItem" open="(" close=")" separator="," >
                    #{listItem}
                  </foreach>
                </when>
              </choose>
            </foreach>
          </trim>
        </if>
      </foreach>
    </where>
  </sql>
  <sql id="Update_By_Example_Where_Clause" >
    <where >
      <foreach collection="example.oredCriteria" item="criteria" separator="or" >
        <if test="criteria.valid" >
          <trim prefix="(" suffix=")" prefixOverrides="and" >
            <foreach collection="criteria.criteria" item="criterion" >
              <choose >
                <when test="criterion.noValue" >
                  and ${criterion.condition}
                </when>
                <when test="criterion.singleValue" >
                  and ${criterion.condition} #{criterion.value}
                </when>
                <when test="criterion.betweenValue" >
                  and ${criterion.condition} #{criterion.value} and #{criterion.secondValue}
                </when>
                <when test="criterion.listValue" >
                  and ${criterion.condition}
                  <foreach collection="criterion.value" item="listItem" open="(" close=")" separator="," >
                    #{listItem}
                  </foreach>
                </when>
              </choose>
            </foreach>
          </trim>
        </if>
      </foreach>
    </where>
  </sql>
  <sql id="Base_Column_List" >
    entry_id, kind_id, entry_code, entry_name, remark
  </sql>
  <select id="selectByExample" resultMap="BaseResultMap" parameterType="com.bqs.risk.fsp.domain.DictEntryExample" >
    select
    <if test="distinct" >
      distinct
    </if>
    'true' as QUERYID,
    <include refid="Base_Column_List" />
    from dict_entry
    <if test="_parameter != null" >
      <include refid="Example_Where_Clause" />
    </if>
    <if test="orderByClause != null" >
      order by ${orderByClause}
    </if>
  </select>
  <select id="selectByPrimaryKey" resultMap="BaseResultMap" parameterType="java.lang.String" >
    select 
    <include refid="Base_Column_List" />
    from dict_entry
    where entry_id = #{entryId,jdbcType=VARCHAR}
  </select>
  <delete id="deleteByPrimaryKey" parameterType="java.lang.String" >
    delete from dict_entry
    where entry_id = #{entryId,jdbcType=VARCHAR}
  </delete>
  <delete id="deleteByExample" parameterType="com.bqs.risk.fsp.domain.DictEntryExample" >
    delete from dict_entry
    <if test="_parameter != null" >
      <include refid="Example_Where_Clause" />
    </if>
  </delete>
  <insert id="insert" parameterType="com.bqs.risk.fsp.domain.DictEntry" >
    insert into dict_entry (entry_id, kind_id, entry_code, 
      entry_name, remark)
    values (#{entryId,jdbcType=VARCHAR}, #{kindId,jdbcType=VARCHAR}, #{entryCode,jdbcType=VARCHAR}, 
      #{entryName,jdbcType=VARCHAR}, #{remark,jdbcType=VARCHAR})
  </insert>
  <insert id="insertSelective" parameterType="com.bqs.risk.fsp.domain.DictEntry" >
    insert into dict_entry
    <trim prefix="(" suffix=")" suffixOverrides="," >
      <if test="entryId != null" >
        entry_id,
      </if>
      <if test="kindId != null" >
        kind_id,
      </if>
      <if test="entryCode != null" >
        entry_code,
      </if>
      <if test="entryName != null" >
        entry_name,
      </if>
      <if test="remark != null" >
        remark,
      </if>
    </trim>
    <trim prefix="values (" suffix=")" suffixOverrides="," >
      <if test="entryId != null" >
        #{entryId,jdbcType=VARCHAR},
      </if>
      <if test="kindId != null" >
        #{kindId,jdbcType=VARCHAR},
      </if>
      <if test="entryCode != null" >
        #{entryCode,jdbcType=VARCHAR},
      </if>
      <if test="entryName != null" >
        #{entryName,jdbcType=VARCHAR},
      </if>
      <if test="remark != null" >
        #{remark,jdbcType=VARCHAR},
      </if>
    </trim>
  </insert>
  <select id="countByExample" parameterType="com.bqs.risk.fsp.domain.DictEntryExample" resultType="java.lang.Integer" >
    select count(*) from dict_entry
    <if test="_parameter != null" >
      <include refid="Example_Where_Clause" />
    </if>
  </select>
  <update id="updateByExampleSelective" parameterType="map" >
    update dict_entry
    <set >
      <if test="record.entryId != null" >
        entry_id = #{record.entryId,jdbcType=VARCHAR},
      </if>
      <if test="record.kindId != null" >
        kind_id = #{record.kindId,jdbcType=VARCHAR},
      </if>
      <if test="record.entryCode != null" >
        entry_code = #{record.entryCode,jdbcType=VARCHAR},
      </if>
      <if test="record.entryName != null" >
        entry_name = #{record.entryName,jdbcType=VARCHAR},
      </if>
      <if test="record.remark != null" >
        remark = #{record.remark,jdbcType=VARCHAR},
      </if>
    </set>
    <if test="_parameter != null" >
      <include refid="Update_By_Example_Where_Clause" />
    </if>
  </update>
  <update id="updateByExample" parameterType="map" >
    update dict_entry
    set entry_id = #{record.entryId,jdbcType=VARCHAR},
      kind_id = #{record.kindId,jdbcType=VARCHAR},
      entry_code = #{record.entryCode,jdbcType=VARCHAR},
      entry_name = #{record.entryName,jdbcType=VARCHAR},
      remark = #{record.remark,jdbcType=VARCHAR}
    <if test="_parameter != null" >
      <include refid="Update_By_Example_Where_Clause" />
    </if>
  </update>
  <update id="updateByPrimaryKeySelective" parameterType="com.bqs.risk.fsp.domain.DictEntry" >
    update dict_entry
    <set >
      <if test="kindId != null" >
        kind_id = #{kindId,jdbcType=VARCHAR},
      </if>
      <if test="entryCode != null" >
        entry_code = #{entryCode,jdbcType=VARCHAR},
      </if>
      <if test="entryName != null" >
        entry_name = #{entryName,jdbcType=VARCHAR},
      </if>
      <if test="remark != null" >
        remark = #{remark,jdbcType=VARCHAR},
      </if>
    </set>
    where entry_id = #{entryId,jdbcType=VARCHAR}
  </update>
  <update id="updateByPrimaryKey" parameterType="com.bqs.risk.fsp.domain.DictEntry" >
    update dict_entry
    set kind_id = #{kindId,jdbcType=VARCHAR},
      entry_code = #{entryCode,jdbcType=VARCHAR},
      entry_name = #{entryName,jdbcType=VARCHAR},
      remark = #{remark,jdbcType=VARCHAR}
    where entry_id = #{entryId,jdbcType=VARCHAR}
  </update>
</mapper>