<?xml version="1.0" encoding="UTF-8"?>
<!DOCTYPE generatorConfiguration
  PUBLIC "-//mybatis.org//DTD MyBatis Generator Configuration 1.0//EN"
  "http://mybatis.org/dtd/mybatis-generator-config_1_0.dtd">
<generatorConfiguration>
	<classPathEntry	location="mysql-connector-java-5.1.35.jar"/>
	<context id="DB2Tables"	targetRuntime="MyBatis3">
		<commentGenerator>
			<property name="suppressDate" value="true"/>
			<property name="suppressAllComments" value="true"/>
		</commentGenerator>
		<jdbcConnection driverClass="com.mysql.jdbc.Driver" connectionURL="jdbc:mysql://10.75.201.130:3306/PRMI" userId="root" password="123456">
		</jdbcConnection>
		<javaTypeResolver>
			<property name="forceBigDecimals" value="false"/>
		</javaTypeResolver>
		<javaModelGenerator targetPackage="com.mucfc.risk.rap.domain" targetProject="src">
			<property name="enableSubPackages" value="true"/>
			<property name="trimStrings" value="true"/>
		</javaModelGenerator>
		<sqlMapGenerator targetPackage="com.mucfc.risk.rap.dao" targetProject="src">
			<property name="enableSubPackages" value="true"/>
		</sqlMapGenerator>
		<javaClientGenerator type="XMLMAPPER" targetPackage="com.mucfc.risk.rap.dao" targetProject="src">
			<property name="enableSubPackages" value="true"/>
		</javaClientGenerator><!--
		<table tableName="DICT_ITEM" domainObjectName="DictItem" 
			enableCountByExample="true" enableUpdateByExample="true" enableDeleteByExample="true" enableSelectByExample="true" selectByExampleQueryId="true"
			enableSelectByPrimaryKey="true" enableDeleteByPrimaryKey="true" 
			>
		</table>
		
		<table tableName="RAP_TEMPLATE" domainObjectName="Template" 
			enableCountByExample="true" enableUpdateByExample="true" enableDeleteByExample="true" enableSelectByExample="true" selectByExampleQueryId="true"
			enableSelectByPrimaryKey="true" enableDeleteByPrimaryKey="true" 
			>
		</table> --> 
		<table tableName="RAP_POLICY" domainObjectName="Policy" 
			enableCountByExample="true" enableUpdateByExample="true" enableDeleteByExample="true" enableSelectByExample="true" selectByExampleQueryId="true"
			enableSelectByPrimaryKey="true" enableDeleteByPrimaryKey="true" 
			>
		</table> 
		<!--
		<table tableName="RAP_POLICY_SET" domainObjectName="PolicySet" 
			enableCountByExample="true" enableUpdateByExample="true" enableDeleteByExample="true" enableSelectByExample="true" selectByExampleQueryId="true"
			enableSelectByPrimaryKey="true" enableDeleteByPrimaryKey="true" 
			>
		</table> 
		<table tableName="RAP_RULE" domainObjectName="Rule" 
			enableCountByExample="true" enableUpdateByExample="true" enableDeleteByExample="true" enableSelectByExample="true" selectByExampleQueryId="true"
			enableSelectByPrimaryKey="true" enableDeleteByPrimaryKey="true" 
			>
		</table>  
        <table tableName="RAP_INDEX" domainObjectName="Index" 
			enableCountByExample="true" enableUpdateByExample="true" enableDeleteByExample="true" enableSelectByExample="true" selectByExampleQueryId="true"
			enableSelectByPrimaryKey="true" enableDeleteByPrimaryKey="true" 
			>
		</table> 
		<table tableName="RAP_RULE_FACT" domainObjectName="RuleFact" 
			enableCountByExample="true" enableUpdateByExample="true" enableDeleteByExample="true" enableSelectByExample="true" selectByExampleQueryId="true"
			enableSelectByPrimaryKey="true" enableDeleteByPrimaryKey="true" 
			>
		</table>
		<table tableName="RAP_RULE_LIST" domainObjectName="RuleList" 
			enableCountByExample="true" enableUpdateByExample="true" enableDeleteByExample="true" enableSelectByExample="true" selectByExampleQueryId="true"
			enableSelectByPrimaryKey="true" enableDeleteByPrimaryKey="true" 
			>
		</table> 
		<table tableName="RAP_RULE_LISTDATA" domainObjectName="RuleListData" 
			enableCountByExample="true" enableUpdateByExample="true" enableDeleteByExample="true" enableSelectByExample="true" selectByExampleQueryId="true"
			enableSelectByPrimaryKey="true" enableDeleteByPrimaryKey="true" 
			>
		</table> 
		
		<table tableName="RAP_EVENT_RISKTYPE" domainObjectName="EventRisktype" 
			enableCountByExample="true" enableUpdateByExample="true" enableDeleteByExample="true" enableSelectByExample="true" selectByExampleQueryId="true"
			enableSelectByPrimaryKey="true" enableDeleteByPrimaryKey="true" 
			>
		</table>  -->
	</context>
</generatorConfiguration>
