<?xml version="1.0" encoding="UTF-8" ?>
<!DOCTYPE mapper PUBLIC "-//mybatis.org//DTD Mapper 3.0//EN" "http://mybatis.org/dtd/mybatis-3-mapper.dtd" >
<mapper namespace="com.mucfc.cif.persistence.ManagementMapper" >
  <resultMap id="BaseResultMap" type="com.mucfc.cif.domain.Management" >
    <id column="CUST_ID" property="custId" jdbcType="INTEGER" />
    <result column="CUM_FLG" property="cumFlg" jdbcType="CHAR" />
    <result column="CMB_FLG" property="cmbFlg" jdbcType="CHAR" />
    <result column="EMP_FLG" property="empFlg" jdbcType="CHAR" />
    <result column="EMP_ID" property="empId" jdbcType="VARCHAR" />
    <result column="MGR_TYP" property="mgrTyp" jdbcType="CHAR" />
    <result column="MGR_PSN" property="mgrPsn" jdbcType="VARCHAR" />
    <result column="SAL_TYP" property="salTyp" jdbcType="CHAR" />
    <result column="SAL_PSN" property="salPsn" jdbcType="VARCHAR" />
    <result column="CRD_QRY_FLG" property="crdQryFlg" jdbcType="CHAR" />
    <result column="RSK_LVL" property="rskLvl" jdbcType="CHAR" />
    <result column="CUST_LVL" property="custLvl" jdbcType="CHAR" />
    <result column="LCK_STA" property="lckSta" jdbcType="CHAR" />
    <result column="LCK_RSN" property="lckRsn" jdbcType="CHAR" />
    <result column="LCK_TIM" property="lckTim" jdbcType="TIMESTAMP" />
    <result column="IS_PAY" property="isPay" jdbcType="CHAR" />
    <result column="BLK_LST_FLG" property="blkLstFlg" jdbcType="CHAR" />
    <result column="BLK_HGH" property="blkHgh" jdbcType="VARCHAR" />
    <result column="CRT_BY" property="crtBy" jdbcType="VARCHAR" />
    <result column="UPD_BY" property="updBy" jdbcType="VARCHAR" />
    <result column="CRT_SYS" property="crtSys" jdbcType="CHAR" />
    <result column="UPD_SYS" property="updSys" jdbcType="CHAR" />
    <result column="CRT_TIM" property="crtTim" jdbcType="TIMESTAMP" />
    <result column="UPD_TIM" property="updTim" jdbcType="TIMESTAMP" />
    <result column="CIF_END_TIM" property="cifEndTim" jdbcType="TIMESTAMP" />
    <result column="SEQ_NO" property="seqNo" jdbcType="INTEGER" />
  </resultMap>
  <sql id="Example_Where_Clause" >
    <where >
      <foreach collection="oredCriteria" item="criteria" separator="or" >
        <if test="criteria.valid" >
          <trim prefix="(" suffix=")" prefixOverrides="and" >
            <foreach collection="criteria.criteria" item="criterion" >
              <choose >
                <when test="criterion.noValue" >
                  and ${criterion.condition}
                </when>
                <when test="criterion.singleValue" >
                  and ${criterion.condition} #{criterion.value}
                </when>
                <when test="criterion.betweenValue" >
                  and ${criterion.condition} #{criterion.value} and #{criterion.secondValue}
                </when>
                <when test="criterion.listValue" >
                  and ${criterion.condition}
                  <foreach collection="criterion.value" item="listItem" open="(" close=")" separator="," >
                    #{listItem}
                  </foreach>
                </when>
              </choose>
            </foreach>
          </trim>
        </if>
      </foreach>
    </where>
  </sql>
  <sql id="Update_By_Example_Where_Clause" >
    <where >
      <foreach collection="example.oredCriteria" item="criteria" separator="or" >
        <if test="criteria.valid" >
          <trim prefix="(" suffix=")" prefixOverrides="and" >
            <foreach collection="criteria.criteria" item="criterion" >
              <choose >
                <when test="criterion.noValue" >
                  and ${criterion.condition}
                </when>
                <when test="criterion.singleValue" >
                  and ${criterion.condition} #{criterion.value}
                </when>
                <when test="criterion.betweenValue" >
                  and ${criterion.condition} #{criterion.value} and #{criterion.secondValue}
                </when>
                <when test="criterion.listValue" >
                  and ${criterion.condition}
                  <foreach collection="criterion.value" item="listItem" open="(" close=")" separator="," >
                    #{listItem}
                  </foreach>
                </when>
              </choose>
            </foreach>
          </trim>
        </if>
      </foreach>
    </where>
  </sql>
  <sql id="Base_Column_List" >
    CUST_ID, CUM_FLG, CMB_FLG, EMP_FLG, EMP_ID, MGR_TYP, MGR_PSN, SAL_TYP, SAL_PSN, CRD_QRY_FLG, 
    RSK_LVL, CUST_LVL, LCK_STA, LCK_RSN, LCK_TIM, IS_PAY, BLK_LST_FLG, BLK_HGH, CRT_BY, 
    UPD_BY, CRT_SYS, UPD_SYS, CRT_TIM, UPD_TIM, CIF_END_TIM, SEQ_NO
  </sql>
  <select id="selectByExample" resultMap="BaseResultMap" parameterType="com.mucfc.cif.domain.ManagementExample" >
    <include refid="OracleDialectPrefix" />
    select
    <if test="distinct" >
      distinct
    </if>
    <include refid="Base_Column_List" />
    from PER_MANAGEMENT
    <if test="_parameter != null" >
      <include refid="Example_Where_Clause" />
    </if>
    <if test="orderByClause != null" >
      order by ${orderByClause}
    </if>
    <include refid="OracleDialectSuffix" />
  </select>
  <select id="selectByPrimaryKey" resultMap="BaseResultMap" parameterType="java.lang.Long" >
    select 
    <include refid="Base_Column_List" />
    from PER_MANAGEMENT
    where CUST_ID = #{custId,jdbcType=INTEGER}
  </select>
  <delete id="deleteByPrimaryKey" parameterType="java.lang.Long" >
    delete from PER_MANAGEMENT
    where CUST_ID = #{custId,jdbcType=INTEGER}
  </delete>
  <delete id="deleteByExample" parameterType="com.mucfc.cif.domain.ManagementExample" >
    delete from PER_MANAGEMENT
    <if test="_parameter != null" >
      <include refid="Example_Where_Clause" />
    </if>
  </delete>
  <insert id="insert" parameterType="com.mucfc.cif.domain.Management" >
    insert into PER_MANAGEMENT (CUST_ID, CUM_FLG, CMB_FLG, 
      EMP_FLG, EMP_ID, MGR_TYP, MGR_PSN, 
      SAL_TYP, SAL_PSN, CRD_QRY_FLG, 
      RSK_LVL, CUST_LVL, LCK_STA, LCK_RSN, 
      LCK_TIM, IS_PAY, BLK_LST_FLG, 
      BLK_HGH, CRT_BY, UPD_BY, 
      CRT_SYS, UPD_SYS, CRT_TIM, 
      UPD_TIM, CIF_END_TIM, SEQ_NO
      )
    values (#{custId,jdbcType=INTEGER}, #{cumFlg,jdbcType=CHAR}, #{cmbFlg,jdbcType=CHAR}, 
      #{empFlg,jdbcType=CHAR}, #{empId,jdbcType=VARCHAR}, #{mgrTyp,jdbcType=CHAR}, #{mgrPsn,jdbcType=VARCHAR}, 
      #{salTyp,jdbcType=CHAR}, #{salPsn,jdbcType=VARCHAR}, #{crdQryFlg,jdbcType=CHAR}, 
      #{rskLvl,jdbcType=CHAR}, #{custLvl,jdbcType=CHAR}, #{lckSta,jdbcType=CHAR}, #{lckRsn,jdbcType=CHAR}, 
      #{lckTim,jdbcType=TIMESTAMP}, #{isPay,jdbcType=CHAR}, #{blkLstFlg,jdbcType=CHAR}, 
      #{blkHgh,jdbcType=VARCHAR}, #{crtBy,jdbcType=VARCHAR}, #{updBy,jdbcType=VARCHAR}, 
      #{crtSys,jdbcType=CHAR}, #{updSys,jdbcType=CHAR}, #{crtTim,jdbcType=TIMESTAMP}, 
      #{updTim,jdbcType=TIMESTAMP}, #{cifEndTim,jdbcType=TIMESTAMP}, #{seqNo,jdbcType=INTEGER}
      )
  </insert>
  <insert id="insertSelective" parameterType="com.mucfc.cif.domain.Management" >
    insert into PER_MANAGEMENT
    <trim prefix="(" suffix=")" suffixOverrides="," >
      <if test="custId != null" >
        CUST_ID,
      </if>
      <if test="cumFlg != null" >
        CUM_FLG,
      </if>
      <if test="cmbFlg != null" >
        CMB_FLG,
      </if>
      <if test="empFlg != null" >
        EMP_FLG,
      </if>
      <if test="empId != null" >
        EMP_ID,
      </if>
      <if test="mgrTyp != null" >
        MGR_TYP,
      </if>
      <if test="mgrPsn != null" >
        MGR_PSN,
      </if>
      <if test="salTyp != null" >
        SAL_TYP,
      </if>
      <if test="salPsn != null" >
        SAL_PSN,
      </if>
      <if test="crdQryFlg != null" >
        CRD_QRY_FLG,
      </if>
      <if test="rskLvl != null" >
        RSK_LVL,
      </if>
      <if test="custLvl != null" >
        CUST_LVL,
      </if>
      <if test="lckSta != null" >
        LCK_STA,
      </if>
      <if test="lckRsn != null" >
        LCK_RSN,
      </if>
      <if test="lckTim != null" >
        LCK_TIM,
      </if>
      <if test="isPay != null" >
        IS_PAY,
      </if>
      <if test="blkLstFlg != null" >
        BLK_LST_FLG,
      </if>
      <if test="blkHgh != null" >
        BLK_HGH,
      </if>
      <if test="crtBy != null" >
        CRT_BY,
      </if>
      <if test="updBy != null" >
        UPD_BY,
      </if>
      <if test="crtSys != null" >
        CRT_SYS,
      </if>
      <if test="updSys != null" >
        UPD_SYS,
      </if>
      <if test="crtTim != null" >
        CRT_TIM,
      </if>
      <if test="updTim != null" >
        UPD_TIM,
      </if>
      <if test="cifEndTim != null" >
        CIF_END_TIM,
      </if>
      <if test="seqNo != null" >
        SEQ_NO,
      </if>
    </trim>
    <trim prefix="values (" suffix=")" suffixOverrides="," >
      <if test="custId != null" >
        #{custId,jdbcType=INTEGER},
      </if>
      <if test="cumFlg != null" >
        #{cumFlg,jdbcType=CHAR},
      </if>
      <if test="cmbFlg != null" >
        #{cmbFlg,jdbcType=CHAR},
      </if>
      <if test="empFlg != null" >
        #{empFlg,jdbcType=CHAR},
      </if>
      <if test="empId != null" >
        #{empId,jdbcType=VARCHAR},
      </if>
      <if test="mgrTyp != null" >
        #{mgrTyp,jdbcType=CHAR},
      </if>
      <if test="mgrPsn != null" >
        #{mgrPsn,jdbcType=VARCHAR},
      </if>
      <if test="salTyp != null" >
        #{salTyp,jdbcType=CHAR},
      </if>
      <if test="salPsn != null" >
        #{salPsn,jdbcType=VARCHAR},
      </if>
      <if test="crdQryFlg != null" >
        #{crdQryFlg,jdbcType=CHAR},
      </if>
      <if test="rskLvl != null" >
        #{rskLvl,jdbcType=CHAR},
      </if>
      <if test="custLvl != null" >
        #{custLvl,jdbcType=CHAR},
      </if>
      <if test="lckSta != null" >
        #{lckSta,jdbcType=CHAR},
      </if>
      <if test="lckRsn != null" >
        #{lckRsn,jdbcType=CHAR},
      </if>
      <if test="lckTim != null" >
        #{lckTim,jdbcType=TIMESTAMP},
      </if>
      <if test="isPay != null" >
        #{isPay,jdbcType=CHAR},
      </if>
      <if test="blkLstFlg != null" >
        #{blkLstFlg,jdbcType=CHAR},
      </if>
      <if test="blkHgh != null" >
        #{blkHgh,jdbcType=VARCHAR},
      </if>
      <if test="crtBy != null" >
        #{crtBy,jdbcType=VARCHAR},
      </if>
      <if test="updBy != null" >
        #{updBy,jdbcType=VARCHAR},
      </if>
      <if test="crtSys != null" >
        #{crtSys,jdbcType=CHAR},
      </if>
      <if test="updSys != null" >
        #{updSys,jdbcType=CHAR},
      </if>
      <if test="crtTim != null" >
        #{crtTim,jdbcType=TIMESTAMP},
      </if>
      <if test="updTim != null" >
        #{updTim,jdbcType=TIMESTAMP},
      </if>
      <if test="cifEndTim != null" >
        #{cifEndTim,jdbcType=TIMESTAMP},
      </if>
      <if test="seqNo != null" >
        #{seqNo,jdbcType=INTEGER},
      </if>
    </trim>
  </insert>
  <select id="countByExample" parameterType="com.mucfc.cif.domain.ManagementExample" resultType="java.lang.Integer" >
    select count(*) from PER_MANAGEMENT
    <if test="_parameter != null" >
      <include refid="Example_Where_Clause" />
    </if>
  </select>
  <update id="updateByExampleSelective" parameterType="map" >
    update PER_MANAGEMENT
    <set >
      <if test="record.custId != null" >
        CUST_ID = #{record.custId,jdbcType=INTEGER},
      </if>
      <if test="record.cumFlg != null" >
        CUM_FLG = #{record.cumFlg,jdbcType=CHAR},
      </if>
      <if test="record.cmbFlg != null" >
        CMB_FLG = #{record.cmbFlg,jdbcType=CHAR},
      </if>
      <if test="record.empFlg != null" >
        EMP_FLG = #{record.empFlg,jdbcType=CHAR},
      </if>
      <if test="record.empId != null" >
        EMP_ID = #{record.empId,jdbcType=VARCHAR},
      </if>
      <if test="record.mgrTyp != null" >
        MGR_TYP = #{record.mgrTyp,jdbcType=CHAR},
      </if>
      <if test="record.mgrPsn != null" >
        MGR_PSN = #{record.mgrPsn,jdbcType=VARCHAR},
      </if>
      <if test="record.salTyp != null" >
        SAL_TYP = #{record.salTyp,jdbcType=CHAR},
      </if>
      <if test="record.salPsn != null" >
        SAL_PSN = #{record.salPsn,jdbcType=VARCHAR},
      </if>
      <if test="record.crdQryFlg != null" >
        CRD_QRY_FLG = #{record.crdQryFlg,jdbcType=CHAR},
      </if>
      <if test="record.rskLvl != null" >
        RSK_LVL = #{record.rskLvl,jdbcType=CHAR},
      </if>
      <if test="record.custLvl != null" >
        CUST_LVL = #{record.custLvl,jdbcType=CHAR},
      </if>
      <if test="record.lckSta != null" >
        LCK_STA = #{record.lckSta,jdbcType=CHAR},
      </if>
      <if test="record.lckRsn != null" >
        LCK_RSN = #{record.lckRsn,jdbcType=CHAR},
      </if>
      <if test="record.lckTim != null" >
        LCK_TIM = #{record.lckTim,jdbcType=TIMESTAMP},
      </if>
      <if test="record.isPay != null" >
        IS_PAY = #{record.isPay,jdbcType=CHAR},
      </if>
      <if test="record.blkLstFlg != null" >
        BLK_LST_FLG = #{record.blkLstFlg,jdbcType=CHAR},
      </if>
      <if test="record.blkHgh != null" >
        BLK_HGH = #{record.blkHgh,jdbcType=VARCHAR},
      </if>
      <if test="record.crtBy != null" >
        CRT_BY = #{record.crtBy,jdbcType=VARCHAR},
      </if>
      <if test="record.updBy != null" >
        UPD_BY = #{record.updBy,jdbcType=VARCHAR},
      </if>
      <if test="record.crtSys != null" >
        CRT_SYS = #{record.crtSys,jdbcType=CHAR},
      </if>
      <if test="record.updSys != null" >
        UPD_SYS = #{record.updSys,jdbcType=CHAR},
      </if>
      <if test="record.crtTim != null" >
        CRT_TIM = #{record.crtTim,jdbcType=TIMESTAMP},
      </if>
      <if test="record.updTim != null" >
        UPD_TIM = #{record.updTim,jdbcType=TIMESTAMP},
      </if>
      <if test="record.cifEndTim != null" >
        CIF_END_TIM = #{record.cifEndTim,jdbcType=TIMESTAMP},
      </if>
      <if test="record.seqNo != null" >
        SEQ_NO = #{record.seqNo,jdbcType=INTEGER},
      </if>
    </set>
    <if test="_parameter != null" >
      <include refid="Update_By_Example_Where_Clause" />
    </if>
  </update>
  <update id="updateByExample" parameterType="map" >
    update PER_MANAGEMENT
    set CUST_ID = #{record.custId,jdbcType=INTEGER},
      CUM_FLG = #{record.cumFlg,jdbcType=CHAR},
      CMB_FLG = #{record.cmbFlg,jdbcType=CHAR},
      EMP_FLG = #{record.empFlg,jdbcType=CHAR},
      EMP_ID = #{record.empId,jdbcType=VARCHAR},
      MGR_TYP = #{record.mgrTyp,jdbcType=CHAR},
      MGR_PSN = #{record.mgrPsn,jdbcType=VARCHAR},
      SAL_TYP = #{record.salTyp,jdbcType=CHAR},
      SAL_PSN = #{record.salPsn,jdbcType=VARCHAR},
      CRD_QRY_FLG = #{record.crdQryFlg,jdbcType=CHAR},
      RSK_LVL = #{record.rskLvl,jdbcType=CHAR},
      CUST_LVL = #{record.custLvl,jdbcType=CHAR},
      LCK_STA = #{record.lckSta,jdbcType=CHAR},
      LCK_RSN = #{record.lckRsn,jdbcType=CHAR},
      LCK_TIM = #{record.lckTim,jdbcType=TIMESTAMP},
      IS_PAY = #{record.isPay,jdbcType=CHAR},
      BLK_LST_FLG = #{record.blkLstFlg,jdbcType=CHAR},
      BLK_HGH = #{record.blkHgh,jdbcType=VARCHAR},
      CRT_BY = #{record.crtBy,jdbcType=VARCHAR},
      UPD_BY = #{record.updBy,jdbcType=VARCHAR},
      CRT_SYS = #{record.crtSys,jdbcType=CHAR},
      UPD_SYS = #{record.updSys,jdbcType=CHAR},
      CRT_TIM = #{record.crtTim,jdbcType=TIMESTAMP},
      UPD_TIM = #{record.updTim,jdbcType=TIMESTAMP},
      CIF_END_TIM = #{record.cifEndTim,jdbcType=TIMESTAMP},
      SEQ_NO = #{record.seqNo,jdbcType=INTEGER}
    <if test="_parameter != null" >
      <include refid="Update_By_Example_Where_Clause" />
    </if>
  </update>
  <update id="updateByPrimaryKeySelective" parameterType="com.mucfc.cif.domain.Management" >
    update PER_MANAGEMENT
    <set >
      <if test="cumFlg != null" >
        CUM_FLG = #{cumFlg,jdbcType=CHAR},
      </if>
      <if test="cmbFlg != null" >
        CMB_FLG = #{cmbFlg,jdbcType=CHAR},
      </if>
      <if test="empFlg != null" >
        EMP_FLG = #{empFlg,jdbcType=CHAR},
      </if>
      <if test="empId != null" >
        EMP_ID = #{empId,jdbcType=VARCHAR},
      </if>
      <if test="mgrTyp != null" >
        MGR_TYP = #{mgrTyp,jdbcType=CHAR},
      </if>
      <if test="mgrPsn != null" >
        MGR_PSN = #{mgrPsn,jdbcType=VARCHAR},
      </if>
      <if test="salTyp != null" >
        SAL_TYP = #{salTyp,jdbcType=CHAR},
      </if>
      <if test="salPsn != null" >
        SAL_PSN = #{salPsn,jdbcType=VARCHAR},
      </if>
      <if test="crdQryFlg != null" >
        CRD_QRY_FLG = #{crdQryFlg,jdbcType=CHAR},
      </if>
      <if test="rskLvl != null" >
        RSK_LVL = #{rskLvl,jdbcType=CHAR},
      </if>
      <if test="custLvl != null" >
        CUST_LVL = #{custLvl,jdbcType=CHAR},
      </if>
      <if test="lckSta != null" >
        LCK_STA = #{lckSta,jdbcType=CHAR},
      </if>
      <if test="lckRsn != null" >
        LCK_RSN = #{lckRsn,jdbcType=CHAR},
      </if>
      <if test="lckTim != null" >
        LCK_TIM = #{lckTim,jdbcType=TIMESTAMP},
      </if>
      <if test="isPay != null" >
        IS_PAY = #{isPay,jdbcType=CHAR},
      </if>
      <if test="blkLstFlg != null" >
        BLK_LST_FLG = #{blkLstFlg,jdbcType=CHAR},
      </if>
      <if test="blkHgh != null" >
        BLK_HGH = #{blkHgh,jdbcType=VARCHAR},
      </if>
      <if test="crtBy != null" >
        CRT_BY = #{crtBy,jdbcType=VARCHAR},
      </if>
      <if test="updBy != null" >
        UPD_BY = #{updBy,jdbcType=VARCHAR},
      </if>
      <if test="crtSys != null" >
        CRT_SYS = #{crtSys,jdbcType=CHAR},
      </if>
      <if test="updSys != null" >
        UPD_SYS = #{updSys,jdbcType=CHAR},
      </if>
      <if test="crtTim != null" >
        CRT_TIM = #{crtTim,jdbcType=TIMESTAMP},
      </if>
      <if test="updTim != null" >
        UPD_TIM = #{updTim,jdbcType=TIMESTAMP},
      </if>
      <if test="cifEndTim != null" >
        CIF_END_TIM = #{cifEndTim,jdbcType=TIMESTAMP},
      </if>
      <if test="seqNo != null" >
        SEQ_NO = #{seqNo,jdbcType=INTEGER},
      </if>
    </set>
    where CUST_ID = #{custId,jdbcType=INTEGER}
  </update>
  <update id="updateByPrimaryKey" parameterType="com.mucfc.cif.domain.Management" >
    update PER_MANAGEMENT
    set CUM_FLG = #{cumFlg,jdbcType=CHAR},
      CMB_FLG = #{cmbFlg,jdbcType=CHAR},
      EMP_FLG = #{empFlg,jdbcType=CHAR},
      EMP_ID = #{empId,jdbcType=VARCHAR},
      MGR_TYP = #{mgrTyp,jdbcType=CHAR},
      MGR_PSN = #{mgrPsn,jdbcType=VARCHAR},
      SAL_TYP = #{salTyp,jdbcType=CHAR},
      SAL_PSN = #{salPsn,jdbcType=VARCHAR},
      CRD_QRY_FLG = #{crdQryFlg,jdbcType=CHAR},
      RSK_LVL = #{rskLvl,jdbcType=CHAR},
      CUST_LVL = #{custLvl,jdbcType=CHAR},
      LCK_STA = #{lckSta,jdbcType=CHAR},
      LCK_RSN = #{lckRsn,jdbcType=CHAR},
      LCK_TIM = #{lckTim,jdbcType=TIMESTAMP},
      IS_PAY = #{isPay,jdbcType=CHAR},
      BLK_LST_FLG = #{blkLstFlg,jdbcType=CHAR},
      BLK_HGH = #{blkHgh,jdbcType=VARCHAR},
      CRT_BY = #{crtBy,jdbcType=VARCHAR},
      UPD_BY = #{updBy,jdbcType=VARCHAR},
      CRT_SYS = #{crtSys,jdbcType=CHAR},
      UPD_SYS = #{updSys,jdbcType=CHAR},
      CRT_TIM = #{crtTim,jdbcType=TIMESTAMP},
      UPD_TIM = #{updTim,jdbcType=TIMESTAMP},
      CIF_END_TIM = #{cifEndTim,jdbcType=TIMESTAMP},
      SEQ_NO = #{seqNo,jdbcType=INTEGER}
    where CUST_ID = #{custId,jdbcType=INTEGER}
  </update>
  <sql id="OracleDialectPrefix" >
    <if test="pageFlag" >
      select * from ( select row_.*, rownum rownum_ from ( 
    </if>
  </sql>
  <sql id="OracleDialectSuffix" >
    <if test="pageFlag" >
      <![CDATA[ ) row_ where rownum <= #{pageEnd} ) where rownum_ > #{pageStart} ]]>
    </if>
  </sql>
  <!-- @LZ_TAG_ID: SQL_CUSTOM BEGIN -->

  <!-- @LZ_TAG_ID: SQL_CUSTOM END -->
</mapper>